<?xml version="1.0" encoding="UTF-8"?>
<project xmlns="http://www.netbeans.org/ns/project/1">
    <type>org.netbeans.modules.web.project</type>
    <configuration>
        <data xmlns="http://www.netbeans.org/ns/web-project/3">
            <name>springMVC4+jquery_ajax+hibernate4 Master</name>
            <minimum-ant-version>1.6.5</minimum-ant-version>
            <web-module-libraries>
                <library dirs="200">
                    <file>${file.reference.antlr-2.7.7.jar}</file>
                    <path-in-war>WEB-INF/lib</path-in-war>
                </library>
                <library dirs="200">
                    <file>${file.reference.aopalliance-1.0.jar}</file>
                    <path-in-war>WEB-INF/lib</path-in-war>
                </library>
                <library dirs="200">
                    <file>${file.reference.cglib-2.2.jar}</file>
                    <path-in-war>WEB-INF/lib</path-in-war>
                </library>
                <library dirs="200">
                    <file>${file.reference.cglib-nodep-2.2.2.jar}</file>
                    <path-in-war>WEB-INF/lib</path-in-war>
                </library>
                <library dirs="200">
                    <file>${file.reference.commonj.sdo-2.1.1.jar}</file>
                    <path-in-war>WEB-INF/lib</path-in-war>
                </library>
                <library dirs="200">
                    <file>${file.reference.commons-logging-1.1.1.jar}</file>
                    <path-in-war>WEB-INF/lib</path-in-war>
                </library>
                <library dirs="200">
                    <file>${file.reference.commons-logging-1.1.3.jar}</file>
                    <path-in-war>WEB-INF/lib</path-in-war>
                </library>
                <library dirs="200">
                    <file>${file.reference.dom4j-1.6.1.jar}</file>
                    <path-in-war>WEB-INF/lib</path-in-war>
                </library>
                <library dirs="200">
                    <file>${file.reference.eclipselink-2.5.2.jar}</file>
                    <path-in-war>WEB-INF/lib</path-in-war>
                </library>
                <library dirs="200">
                    <file>${file.reference.eclipselink.jar}</file>
                    <path-in-war>WEB-INF/lib</path-in-war>
                </library>
                <library dirs="200">
                    <file>${file.reference.hibernate-commons-annotations-4.0.1.Final.jar}</file>
                    <path-in-war>WEB-INF/lib</path-in-war>
                </library>
                <library dirs="200">
                    <file>${file.reference.hibernate-core-4.1.1.Final.jar}</file>
                    <path-in-war>WEB-INF/lib</path-in-war>
                </library>
                <library dirs="200">
                    <file>${file.reference.hibernate-entitymanager-4.1.1.Final.jar}</file>
                    <path-in-war>WEB-INF/lib</path-in-war>
                </library>
                <library dirs="200">
                    <file>${file.reference.hibernate-jpa-2.1-api-1.0.0.Final.jar}</file>
                    <path-in-war>WEB-INF/lib</path-in-war>
                </library>
                <library dirs="200">
                    <file>${file.reference.jackson-core-asl-1.9.10.jar}</file>
                    <path-in-war>WEB-INF/lib</path-in-war>
                </library>
                <library dirs="200">
                    <file>${file.reference.jackson-mapper-asl-1.9.10.jar}</file>
                    <path-in-war>WEB-INF/lib</path-in-war>
                </library>
                <library dirs="200">
                    <file>${file.reference.javassist-3.15.0-GA.jar}</file>
                    <path-in-war>WEB-INF/lib</path-in-war>
                </library>
                <library dirs="200">
                    <file>${file.reference.javax.persistence-2.1.0-doc.zip}</file>
                    <path-in-war>WEB-INF/lib</path-in-war>
                </library>
                <library dirs="200">
                    <file>${file.reference.javax.persistence_2.1.0.v201304241213.jar}</file>
                    <path-in-war>WEB-INF/lib</path-in-war>
                </library>
                <library dirs="200">
                    <file>${file.reference.jboss-logging-3.1.0.GA.jar}</file>
                    <path-in-war>WEB-INF/lib</path-in-war>
                </library>
                <library dirs="200">
                    <file>${file.reference.jboss-transaction-api_1.1_spec-1.0.0.Final.jar}</file>
                    <path-in-war>WEB-INF/lib</path-in-war>
                </library>
                <library dirs="200">
                    <file>${file.reference.jstl-1.2.jar}</file>
                    <path-in-war>WEB-INF/lib</path-in-war>
                </library>
                <library dirs="200">
                    <file>${file.reference.log4j-1.2.14.jar}</file>
                    <path-in-war>WEB-INF/lib</path-in-war>
                </library>
                <library dirs="200">
                    <file>${file.reference.mysql-connector-java-5.1.6.jar}</file>
                    <path-in-war>WEB-INF/lib</path-in-war>
                </library>
                <library dirs="200">
                    <file>${file.reference.org-apache-commons-logging.jar}</file>
                    <path-in-war>WEB-INF/lib</path-in-war>
                </library>
                <library dirs="200">
                    <file>${file.reference.org.eclipse.persistence.jpa.jpql_2.5.2.v20140319-9ad6abd.jar}</file>
                    <path-in-war>WEB-INF/lib</path-in-war>
                </library>
                <library dirs="200">
                    <file>${file.reference.slf4j-log4j12-1.5.6.jar}</file>
                    <path-in-war>WEB-INF/lib</path-in-war>
                </library>
                <library dirs="200">
                    <file>${file.reference.spring-aop-4.0.1.RELEASE.jar}</file>
                    <path-in-war>WEB-INF/lib</path-in-war>
                </library>
                <library dirs="200">
                    <file>${file.reference.spring-aspects-4.0.1.RELEASE.jar}</file>
                    <path-in-war>WEB-INF/lib</path-in-war>
                </library>
                <library dirs="200">
                    <file>${file.reference.spring-beans-4.0.1.RELEASE.jar}</file>
                    <path-in-war>WEB-INF/lib</path-in-war>
                </library>
                <library dirs="200">
                    <file>${file.reference.spring-build-src-4.0.1.RELEASE.jar}</file>
                    <path-in-war>WEB-INF/lib</path-in-war>
                </library>
                <library dirs="200">
                    <file>${file.reference.spring-context-4.0.1.RELEASE.jar}</file>
                    <path-in-war>WEB-INF/lib</path-in-war>
                </library>
                <library dirs="200">
                    <file>${file.reference.spring-context-support-4.0.1.RELEASE.jar}</file>
                    <path-in-war>WEB-INF/lib</path-in-war>
                </library>
                <library dirs="200">
                    <file>${file.reference.spring-core-4.0.1.RELEASE.jar}</file>
                    <path-in-war>WEB-INF/lib</path-in-war>
                </library>
                <library dirs="200">
                    <file>${file.reference.spring-expression-4.0.1.RELEASE.jar}</file>
                    <path-in-war>WEB-INF/lib</path-in-war>
                </library>
                <library dirs="200">
                    <file>${file.reference.spring-framework-bom-4.0.1.RELEASE.jar}</file>
                    <path-in-war>WEB-INF/lib</path-in-war>
                </library>
                <library dirs="200">
                    <file>${file.reference.spring-instrument-4.0.1.RELEASE.jar}</file>
                    <path-in-war>WEB-INF/lib</path-in-war>
                </library>
                <library dirs="200">
                    <file>${file.reference.spring-instrument-tomcat-4.0.1.RELEASE.jar}</file>
                    <path-in-war>WEB-INF/lib</path-in-war>
                </library>
                <library dirs="200">
                    <file>${file.reference.spring-jdbc-4.0.1.RELEASE.jar}</file>
                    <path-in-war>WEB-INF/lib</path-in-war>
                </library>
                <library dirs="200">
                    <file>${file.reference.spring-jms-4.0.1.RELEASE.jar}</file>
                    <path-in-war>WEB-INF/lib</path-in-war>
                </library>
                <library dirs="200">
                    <file>${file.reference.spring-messaging-4.0.1.RELEASE.jar}</file>
                    <path-in-war>WEB-INF/lib</path-in-war>
                </library>
                <library dirs="200">
                    <file>${file.reference.spring-orm-4.0.1.RELEASE.jar}</file>
                    <path-in-war>WEB-INF/lib</path-in-war>
                </library>
                <library dirs="200">
                    <file>${file.reference.spring-oxm-4.0.1.RELEASE.jar}</file>
                    <path-in-war>WEB-INF/lib</path-in-war>
                </library>
                <library dirs="200">
                    <file>${file.reference.spring-test-4.0.1.RELEASE.jar}</file>
                    <path-in-war>WEB-INF/lib</path-in-war>
                </library>
                <library dirs="200">
                    <file>${file.reference.spring-tx-4.0.1.RELEASE.jar}</file>
                    <path-in-war>WEB-INF/lib</path-in-war>
                </library>
                <library dirs="200">
                    <file>${file.reference.spring-web-4.0.1.RELEASE.jar}</file>
                    <path-in-war>WEB-INF/lib</path-in-war>
                </library>
                <library dirs="200">
                    <file>${file.reference.spring-webmvc-4.0.1.RELEASE.jar}</file>
                    <path-in-war>WEB-INF/lib</path-in-war>
                </library>
                <library dirs="200">
                    <file>${file.reference.spring-webmvc-portlet-4.0.1.RELEASE.jar}</file>
                    <path-in-war>WEB-INF/lib</path-in-war>
                </library>
                <library dirs="200">
                    <file>${file.reference.spring-websocket-4.0.1.RELEASE.jar}</file>
                    <path-in-war>WEB-INF/lib</path-in-war>
                </library>
                <library dirs="200">
                    <file>${file.reference.validation-api-1.0.0.GA.jar}</file>
                    <path-in-war>WEB-INF/lib</path-in-war>
                </library>
                <library dirs="200">
                    <file>${file.reference.xml-apis-1.0.b2.jar}</file>
                    <path-in-war>WEB-INF/lib</path-in-war>
                </library>
                <library dirs="200">
                    <file>${libs.eclipselink.classpath}</file>
                    <path-in-war>WEB-INF/lib</path-in-war>
                </library>
            </web-module-libraries>
            <web-module-additional-libraries/>
            <source-roots>
                <root id="src.dir"/>
            </source-roots>
            <test-roots>
                <root id="test.src.dir"/>
            </test-roots>
        </data>
        <libraries xmlns="http://www.netbeans.org/ns/ant-project-libraries/1">
            <definitions>.\lib\nblibraries.properties</definitions>
        </libraries>
    </configuration>
</project>
