<?xml version="1.0" encoding="UTF-8"?>
<project-private xmlns="http://www.netbeans.org/ns/project-private/1">
    <editor-bookmarks xmlns="http://www.netbeans.org/ns/editor-bookmarks/2" lastBookmarkId="0"/>
    <open-files xmlns="http://www.netbeans.org/ns/projectui-open-files/2">
        <group>
            <file>file:/C:/Users/Kalhara/Documents/NetBeansProjects/ClassMaster%20new%20check/Ajax%20Example/web/WEB-INF/jsp/Home.jsp</file>
            <file>file:/C:/Users/Kalhara/Documents/NetBeansProjects/ClassMaster%20new%20check/Ajax%20Example/src/java/demo/ajax/ejax_example/entity/Contacts.java</file>
            <file>file:/C:/Users/Kalhara/Documents/NetBeansProjects/ClassMaster%20new%20check/Ajax%20Example/src/java/demo/ajax/ejax_example/controller/StudentController.java</file>
            <file>file:/C:/Users/Kalhara/Documents/NetBeansProjects/ClassMaster%20new%20check/Ajax%20Example/src/java/demo/ajax/ejax_example/entity/Student.java</file>
        </group>
    </open-files>
</project-private>
